<?xml version="1.0" encoding="UTF-8" ?>
<!-- This is a WordPress eXtended RSS file generated by WordPress as an export of your site. -->
<!-- It contains information about your site's posts, pages, comments, categories, and other content. -->
<!-- You may use this file to transfer that content from one site to another. -->
<!-- This file is not intended to serve as a complete backup of your site. -->

<!-- To import this information into a WordPress site follow these steps: -->
<!-- 1. Log in to that site as an administrator. -->
<!-- 2. Go to Tools: Import in the WordPress admin panel. -->
<!-- 3. Install the "WordPress" importer from the list. -->
<!-- 4. Activate & Run Importer. -->
<!-- 5. Upload this file using the form provided on that page. -->
<!-- 6. You will first be asked to map the authors in this export file to users -->
<!--    on the site. For each author, you may choose to map to an -->
<!--    existing user on the site or to create a new user. -->
<!-- 7. WordPress will then import each of the posts, pages, comments, categories, etc. -->
<!--    contained in this file into your site. -->

<!-- generator="WordPress/4.9.8" created="2018-09-29 04:17" -->
<rss version="2.0"
	xmlns:excerpt="http://wordpress.org/export/1.2/excerpt/"
	xmlns:content="http://purl.org/rss/1.0/modules/content/"
	xmlns:wfw="http://wellformedweb.org/CommentAPI/"
	xmlns:dc="http://purl.org/dc/elements/1.1/"
	xmlns:wp="http://wordpress.org/export/1.2/"
>

<channel>
	<title>Beeta</title>
	<link>http://demo.roadthemes.com/beeta</link>
	<description>WooCommerce Theme</description>
	<pubDate>Sat, 29 Sep 2018 04:17:06 +0000</pubDate>
	<language>en-US</language>
	<wp:wxr_version>1.2</wp:wxr_version>
	<wp:base_site_url>http://demo.roadthemes.com/beeta</wp:base_site_url>
	<wp:base_blog_url>http://demo.roadthemes.com/beeta</wp:base_blog_url>

	<wp:author><wp:author_id>1</wp:author_id><wp:author_login><![CDATA[admin]]></wp:author_login><wp:author_email><![CDATA[demo@roadthemes.com]]></wp:author_email><wp:author_display_name><![CDATA[admin]]></wp:author_display_name><wp:author_first_name><![CDATA[]]></wp:author_first_name><wp:author_last_name><![CDATA[]]></wp:author_last_name></wp:author>


	<generator>https://wordpress.org/?v=4.9.8</generator>

	<item>
		<title>Fashion Home 3</title>
		<link>http://127.0.0.1/wp/beeta/fashion-home-3/</link>
		<pubDate>Thu, 27 Sep 2018 09:28:58 +0000</pubDate>
		<dc:creator><![CDATA[admin]]></dc:creator>
		<guid isPermaLink="false">http://demo.roadthemes.com/beeta/?page_id=9840</guid>
		<description></description>
		<content:encoded><![CDATA[[vc_row el_class="home-slider full-width"][vc_column][rev_slider_vc alias="fashion-slider-3"][/vc_column][/vc_row][vc_row el_class="fashion-banner1 hover-style2"][vc_column width="1/2" el_class="box box1"][vc_column_text el_class="box-inner"]
<div class="image"><a href="http://demo.roadthemes.com/beeta/shop/"><img class="alignnone size-full wp-image-9887" src="http://roadthemes.com/api/beeta/uploads/2018/10/3_3.jpg" alt="" width="570" height="570" /></a></div>
<div class="text">
<h5>Dress.No18</h5>
Sale Off 20% All Store

</div>
[/vc_column_text][/vc_column][vc_column width="1/4" el_class="box box2"][vc_column_text el_class="box-inner"]
<div class="image"><a href="http://demo.roadthemes.com/beeta/shop/"><img class="alignnone size-full wp-image-9891" src="http://roadthemes.com/api/beeta/uploads/2018/10/3_4.jpg" alt="" width="270" height="570" /></a></div>
<div class="text">
<h5>For Women’s</h5>
Sale Off 10% All Store

</div>
[/vc_column_text][/vc_column][vc_column width="1/4" el_class="box box3"][vc_column_text el_class="box-inner" css=".vc_custom_1538367423443{margin-bottom: 30px !important;}"]
<div class="image"><a href="http://demo.roadthemes.com/beeta/shop/"><img class="alignnone size-full wp-image-9888" src="http://roadthemes.com/api/beeta/uploads/2018/10/3_5.jpg" alt="" width="270" height="270" /></a></div>
<div class="text">
<h5>Bag.No1</h5>
Big Sale No Limited

</div>
[/vc_column_text][vc_column_text el_class="box-inner"]
<div class="image"><a href="http://demo.roadthemes.com/beeta/shop/"><img class="alignnone size-full wp-image-9889" src="http://roadthemes.com/api/beeta/uploads/2018/10/3_6.jpg" alt="" width="270" height="270" /></a></div>
<div class="text">
<h5>Sneaker.No1</h5>
Sale Off 20% All Store

</div>
[/vc_column_text][/vc_column][/vc_row][vc_row el_class="owl-style3 fashion"][vc_column][vc_column_text el_class="title2"]
<h3 style="margin-bottom: 15px;">New arrivals</h3>
Consequat magna massa vel suspendisse morbi aliquam faucibus ligula ante ipsum ac nulla.[/vc_column_text][recent_products_r per_page="10" columns="2" orderby="" product_styles="style_4" order="" enable_slider="true" item_large="4" items="4" item_desktop="3" item_small="2" item_tablet="2" item_mobile="1" navigation="1" pagination="" speed="500" effect=""][/vc_column][/vc_row][vc_row css=".vc_custom_1537782754053{background: #335b98 url(http://roadthemes.com/api/beeta/uploads/2018/09/bg_newsletter.jpg?id=9705) !important;background-position: center !important;background-repeat: no-repeat !important;background-size: cover !important;}" el_class="newslletter style4"][vc_column][vc_column_text css=".vc_custom_1537842454496{margin-bottom: 50px !important;}"]
<div class="newletter-title">
<h2 style="color: #ffffff; text-transform: capitalize;">Join Our Newsletter Now.
Up to 70% Off. All Sales are Final!</h2>
Subcribe to Beeta mailing list to receive update on new arrivals, special offers and other discount information.

</div>
[/vc_column_text][vc_column_text css=".vc_custom_1537842402967{margin-bottom: 0px !important;}"][mc4wp_form id="9116"][/vc_column_text][/vc_column][/vc_row][vc_row el_class="latest-posts fashion"][vc_column][vc_column_text el_class="title2"]
<h3 style="margin-bottom: 15px;">From Our Blog</h3>
Consequat magna massa vel suspendisse morbi aliquam faucibus ligula ante ipsum ac nulla.[/vc_column_text][latestposts colsnumber="3" enable_slider="true" items="3" item_desktop="3" item_small="2" item_tablet="2" item_mobile="1" navigation="1" pagination="" speed="500" effect=""][/vc_column][/vc_row][vc_row el_class="our-service"][vc_column width="1/3" el_class="box"][vc_column_text el_class="box-inner"]
<div class="icon"><img class="alignnone size-full wp-image-9879" src="http://roadthemes.com/api/beeta/uploads/2018/10/icon1.png" alt="" width="48" height="32" /></div>
<div class="text">
<h5>Free Shipping Worldwide</h5>
Diam augue augue in fusce voluptatem

</div>
[/vc_column_text][/vc_column][vc_column width="1/3" el_class="box"][vc_column_text el_class="box-inner"]
<div class="icon"><img class="alignnone size-full wp-image-9880" src="http://roadthemes.com/api/beeta/uploads/2018/10/icon2.png" alt="" width="49" height="32" /></div>
<div class="text">
<h5>Money Back Guarantee</h5>
Diam augue augue in fusce voluptatem

</div>
[/vc_column_text][/vc_column][vc_column width="1/3" el_class="box"][vc_column_text el_class="box-inner"]
<div class="icon"><img class="alignnone size-full wp-image-9881" src="http://roadthemes.com/api/beeta/uploads/2018/10/icon3.png" alt="" width="48" height="32" /></div>
<div class="text">
<h5>24/7 Help Center</h5>
Diam augue augue in fusce voluptatem

</div>
[/vc_column_text][/vc_column][/vc_row]]]></content:encoded>
		<excerpt:encoded><![CDATA[]]></excerpt:encoded>
		<wp:post_id>9840</wp:post_id>
		<wp:post_date><![CDATA[2018-09-27 09:28:58]]></wp:post_date>
		<wp:post_date_gmt><![CDATA[2018-09-27 09:28:58]]></wp:post_date_gmt>
		<wp:comment_status><![CDATA[closed]]></wp:comment_status>
		<wp:ping_status><![CDATA[closed]]></wp:ping_status>
		<wp:post_name><![CDATA[fashion-home-3]]></wp:post_name>
		<wp:status><![CDATA[publish]]></wp:status>
		<wp:post_parent>0</wp:post_parent>
		<wp:menu_order>0</wp:menu_order>
		<wp:post_type><![CDATA[page]]></wp:post_type>
		<wp:post_password><![CDATA[]]></wp:post_password>
		<wp:is_sticky>0</wp:is_sticky>
		<wp:postmeta>
			<wp:meta_key><![CDATA[_wpb_shortcodes_custom_css]]></wp:meta_key>
			<wp:meta_value><![CDATA[.vc_custom_1537782754053{background: #335b98 url(http://roadthemes.com/api/beeta/uploads/2018/09/bg_newsletter.jpg?id=9705) !important;background-position: center !important;background-repeat: no-repeat !important;background-size: cover !important;}.vc_custom_1538367423443{margin-bottom: 30px !important;}.vc_custom_1537842454496{margin-bottom: 50px !important;}.vc_custom_1537842402967{margin-bottom: 0px !important;}]]></wp:meta_value>
		</wp:postmeta>
		<wp:postmeta>
			<wp:meta_key><![CDATA[_wp_page_template]]></wp:meta_key>
			<wp:meta_value><![CDATA[page-templates/demo5.php]]></wp:meta_value>
		</wp:postmeta>
		<wp:postmeta>
			<wp:meta_key><![CDATA[slide_template]]></wp:meta_key>
			<wp:meta_value><![CDATA[default]]></wp:meta_value>
		</wp:postmeta>
		<wp:postmeta>
			<wp:meta_key><![CDATA[_wpb_vc_js_status]]></wp:meta_key>
			<wp:meta_value><![CDATA[true]]></wp:meta_value>
		</wp:postmeta>
		<wp:postmeta>
			<wp:meta_key><![CDATA[_edit_last]]></wp:meta_key>
			<wp:meta_value><![CDATA[1]]></wp:meta_value>
		</wp:postmeta>
	</item>
</channel>
</rss>
