{"last_tab":"","background_opt":{"background-color":"#ffffff","background-repeat":"","background-size":"","background-attachment":"","background-position":"","background-image":"","media":{"id":"","height":"","width":"","thumbnail":""}},"page_content_background":{"background-color":"#ffffff","background-repeat":"","background-size":"","background-attachment":"","background-position":"","background-image":"","media":{"id":"","height":"","width":"","thumbnail":""}},"border_color":{"border-top":"","border-right":"","border-bottom":"","border-left":"","border-style":"solid","border-color":"#ebebeb"},"back_to_top":"1","primary_color":"#cea679","sale_color":"#ffffff","saletext_color":"#cea679","rate_color":"#cea679","link_color":{"regular":"#656565","hover":"#cea679","active":"#cea679"},"text_selected_bg":"#1187c1","text_selected_color":"#ffffff","header_layout":"Cosmetic Header 1","header_bg":{"background-color":"#111111","background-repeat":"","background-size":"","background-attachment":"","background-position":"","background-image":"","media":{"id":"","height":"","width":"","thumbnail":""}},"header_color":"#ffffff","header_link_color":{"regular":"#999999","hover":"#cea679","active":"#cea679"},"header_border_color":{"color":"#ffffff","alpha":"0.1","rgba":"rgba(255,255,255,0.1)"},"sticky_header":"1","header_sticky_bg":{"color":"#000000","alpha":"0.8","rgba":"rgba(0,0,0,0.8)"},"topbar_color":"#999999","topbar_link_color":{"regular":"#999999","hover":"#cea679","active":"#cea679"},"mobile_menu_label":"Menu","sub_menu_bg":"#ffffff","sub_menu_color":"#292929","vsub_menu_bg":"#ffffff","categories_menu_label":"CATEGORIES","categories_menu_items":"8","categories_more_label":"More Categories","categories_less_label":"Less Categories","categories_menu_home":"1","categories_menu_sub":"","social_icons":{"facebook":"https:\/\/www.facebook.com\/","twitter":"https:\/\/twitter.com\/","instagram":"","tumblr":"","pinterest":"https:\/\/www.pinterest.com\/","google-plus":"","linkedin":"https:\/\/www.linkedin.com\/","behance":"","dribbble":"","youtube":"","vimeo":"https:\/\/vimeo.com\/","rss":""},"footer_layout":"Cosmetic Footer 1","footer_bg":{"background-color":"#222222","background-repeat":"","background-size":"","background-attachment":"","background-position":"","background-image":"","media":{"id":"","height":"","width":"","thumbnail":""}},"footer_border_color":{"color":"#ffffff","alpha":"0.1","rgba":"rgba(255,255,255,0.1)"},"footer_color":"#999999","footer_link_color":{"regular":"#999999","hover":"#ffffff","active":"#ffffff"},"copyright":"Copyright 2018 Plazathemes. All Rights Reserved","bodyfont":{"font-family":"Open Sans","font-options":"","google":"1","font-backup":"","font-weight":"400","font-style":"","font-size":"14px","line-height":"20px","color":"#656565"},"headingfont":{"font-family":"Open Sans","font-options":"","google":"1","font-weight":"400","font-style":"","color":"#222222"},"menufont":{"font-family":"Open Sans","font-options":"","google":"1","font-weight":"600","font-style":"","font-size":"12px","color":"#fff"},"pricefont":{"font-family":"Open Sans","font-options":"","google":"1","font-weight":"400","font-style":"","font-size":"14px","color":"#767676"},"page_layout":"full","box_layout_width":"1230","preset_option":"1","enable_sswitcher":"","brandscroll":"0","brandanimate":"2000","brand_logos":[{"title":"","description":"","url":"","sort":"0","attachment_id":"9427","thumb":"http:\/\/demo.roadthemes.com\/beeta-cosmetic\/wp-content\/uploads\/2018\/05\/brand1-150x52.jpg","image":"http:\/\/demo.roadthemes.com\/beeta-cosmetic\/wp-content\/uploads\/2018\/05\/brand1.jpg","height":"52","width":"234"},{"title":"","description":"","url":"","sort":"1","attachment_id":"9428","thumb":"http:\/\/demo.roadthemes.com\/beeta-cosmetic\/wp-content\/uploads\/2018\/05\/brand2-150x52.jpg","image":"http:\/\/demo.roadthemes.com\/beeta-cosmetic\/wp-content\/uploads\/2018\/05\/brand2.jpg","height":"52","width":"234"},{"title":"","description":"","url":"","sort":"2","attachment_id":"9429","thumb":"http:\/\/demo.roadthemes.com\/beeta-cosmetic\/wp-content\/uploads\/2018\/05\/brand3-150x52.jpg","image":"http:\/\/demo.roadthemes.com\/beeta-cosmetic\/wp-content\/uploads\/2018\/05\/brand3.jpg","height":"52","width":"234"},{"title":"","description":"","url":"","sort":"3","attachment_id":"9430","thumb":"http:\/\/demo.roadthemes.com\/beeta-cosmetic\/wp-content\/uploads\/2018\/05\/brand4-150x52.jpg","image":"http:\/\/demo.roadthemes.com\/beeta-cosmetic\/wp-content\/uploads\/2018\/05\/brand4.jpg","height":"52","width":"234"},{"title":"","description":"","url":"","sort":"4","attachment_id":"9431","thumb":"http:\/\/demo.roadthemes.com\/beeta-cosmetic\/wp-content\/uploads\/2018\/05\/brand5-150x52.jpg","image":"http:\/\/demo.roadthemes.com\/beeta-cosmetic\/wp-content\/uploads\/2018\/05\/brand5.jpg","height":"52","width":"234"}],"categoriescroll":"0","categoriesanimate":"2000","cate_images":[{"title":"","description":"","url":"","sort":"2","attachment_id":"","thumb":"","image":"","height":"","width":""}],"sidebarshop_pos":"left","sidebarse_pos":"left","sidebarblog_pos":"right","custom-sidebars":[""],"shop_layout":"sidebar","default_view":"grid-view","product_per_page":"9","products_styles":"style2","product_per_row":"3","product_per_row_fw":"4","product_excerpt_length":"200","second_image":"1","upsells_title":"Upsell Products","crosssells_title":"Cross-Sells","bg_shop":{"url":"http:\/\/demo.roadthemes.com\/beeta-cosmetic\/wp-content\/uploads\/2018\/07\/category-image2.jpg","id":"9691","height":"617","width":"1170","thumbnail":"http:\/\/demo.roadthemes.com\/beeta-cosmetic\/wp-content\/uploads\/2018\/07\/category-image2-150x150.jpg","title":"category-image2","caption":"","alt":"","description":""},"related_title":"Related Products","related_amount":"4","share_head_code":"","share_code":"","detail_link_text":"Quick View","quickview_link_text":"See all features","quickview":"1","blog_header_text":"Blog","blog_layout":"sidebar","readmore_text":"read more","excerpt_length":"22","blogscroll":"0","blogpause":"1000","bloganimate":"1000","testiscroll":"1","testianimate":"2000","background_error":{"background-color":"#f7f7f7","background-repeat":"","background-size":"","background-attachment":"","background-position":"","background-image":"","media":{"id":"","height":"","width":"","thumbnail":""}},"enable_less":"1","redux-backup":"1"}